Countries,1960,1961,1962,1963,1964,1965,1966,1967,1968,1969,1970,1971,1972,1973,1974,1975,1976,1977,1978,1979,1980,1981,1982,1983,1984,1985,1986,1987,1988,1989,1990,1991,1992,1993,1994,1995,1996,1997,1998,1999,2000,2001,2002,2003,2004,2005,2006,2007,2008,2009,2010,2011,2012,2013,2014,2015,2016,2017,2018
Algeria,75534.51206,63654.65945,49876.93544,65344.02875,67411.89861,69718.11956,64558.90318,68679.38959,73930.25845,77895.23863,82434.75708,71091.87375,88136.17466,89028.46798,93098.32599,95094.47877,100185.7267,102472.6868,108704.4749,113415.2066,110899.1703,110753.7975,114220.2789,116685.7256,119473.7361,120205.1491,117181.2836,113072.49,108877.1559,110667.2886,108726.1037,104810.7312,104218.8308,99788.49467,96863.58084,98642.39367,100902.1406,100377.5171,103925.2112,105742.5686,108300.3962,110106.788,114809.7613,121517.8165,125085.7093,130646.971,130907.6561,133239.8311,134171.1149,134032.9532,136419.1567,137745.4543,139642.2822,140661.6087,143052.5602,145431.0384,147179.9011,146507.9187,146611.8004
Argentina,8931.451188,9264.486097,9039.738185,8426.10465,9137.034795,9949.935748,9737.358488,9900.796754,10226.22887,11049.46932,11212.94605,11662.30095,11662.9787,11797.91014,12252.33998,12057.79184,11634.99896,12256.65534,11531.50028,12520.64398,12516.93386,11682.24031,11412.64272,11718.72771,11712.65272,10928.77316,11418.85318,11545.15158,11244.60191,10284.22018,9885.798881,10638.5375,11328.72393,12099.40805,12644.54353,12134.69582,12653.40533,13522.03051,13884.54994,13265.97141,13017.24606,12308.18475,10849.07692,11681.91125,12603.02266,13577.17017,14521.53667,15672.25782,16147.04531,15040.29012,16439.0564,17226.27072,16856.71822,17070.0712,16459.20496,16727.43474,16207.20083,16468.02046,15891.66577
Australia,24717.80942,24833.25384,24548.50121,25578.90411,26832.18411,27885.75694,27905.67333,29292.39766,30246.73162,31706.84172,33317.90197,33500.11595,34176.82325,34537.96712,35056.5474,35095.01188,35643.98204,36512.54228,36414.12453,37479.2614,38148.58426,38801.29966,39429.83265,38075.08621,39371.13999,40875.11105,41833.8286,42255.30162,43954.76706,44889.44,45808.52149,45049.23629,44689.85424,46037.98042,47366.61999,48592.24214,49818.1421,51217.96187,53006.68056,55063.352,56550.77534,56870.65369,58428.76335,59435.44739,61132.9829,62264.59686,63067.31601,65083.97511,66126.16004,66031.89238,66356.87133,67052.83754,68462.77063,69054.74282,69779.94168,70389.66879,71271.5319,71722.70714,72603.56151
Austria,9839.014621,10327.10031,10535.85951,10901.60831,11492.40309,11815.34109,12394.82201,12672.59118,13170.78139,13949.10818,14779.14938,15465.928,16330.84169,17034.8489,17676.27452,17658.76964,18499.92215,19432.25307,19407.02413,20481.4839,20836.09573,20753.03881,21155.25785,21819.45426,21832.01651,22367.0244,22867.24097,23162.92473,23892.49822,24709.64597,25587.71505,26205.39893,26461.18782,26382.13394,26912.08813,27587.8272,28197.91439,28755.66152,29752.86046,30751.08191,31712.80247,31991.95801,32360.72031,32506.65062,33189.19584,33703.58815,34695.62531,35872.40749,36282.53982,34825.30881,35379.92903,36291.47474,36372.20491,36167.68416,36123.42617,36129.02752,36469.38741,37140.79212,37941.04286
Bangladesh,19592.40505,20211.33869,20730.02407,20062.3896,21622.03433,21317.46223,21186.58707,20128.30482,21356.72523,21010.00655,21654.31247,20061.99885,16975.18333,17277.33779,18630.28968,17530.97339,18113.43412,18139.10268,18910.88492,19287.45395,18930.14138,19771.23563,19672.43492,19911.55674,20331.25741,20467.27771,20766.97358,20990.9535,20947.44232,21004.85575,21653.27229,21892.89699,22574.69023,23131.2874,23522.30229,24204.74216,24766.20216,25337.48094,26101.32479,26773.22745,27645.36524,28506.18803,29065.01835,29920.06854,30983.23635,32521.8152,34227.432,36196.68015,37936.35426,39407.71629,41138.10138,43299.12518,45593.2189,47779.14093,50099.34777,52789.07325,55930.50591,59365.81572,63365.30113
Belgium,9961.545846,10422.79103,10922.46323,11312.87068,11985.88913,12300.45215,12603.22317,13018.0678,13510.80744,14365.80966,15154.16864,15729.49496,16497.73732,17495.43614,18236.67886,17826.56702,18800.63559,18895.01077,19413.86586,19850.50847,20709.83866,20652.54411,20781.07092,20847.53134,21362.03204,21708.42142,22096.23585,22586.65694,23578.39075,24307.90592,24995.88483,25359.66787,25643.58601,25297.91061,26033.90746,26598.98649,26970.06477,27903.16219,28393.63297,29338.07687,30330.46963,30471.6297,30875.45995,30984.57535,31972.1476,32462.67451,33057.48072,33947.42151,33944.07126,32913.36408,33509.02833,33670.70447,33541.10009,33450.36711,33720.0353,34108.40883,34429.09475,34891.55812,35247.88234
Belize,1879.829249,1916.849519,1955.281155,1995.235813,2035.947763,2074.930031,2109.746038,2147.700813,2238.990703,2290.177845,2342.899118,2384.70427,2579.657884,2672.65225,2988.534503,3050.535044,3006.918393,3159.206944,3360.961393,3553.764552,3951.57277,3903.998029,3798.527104,3614.016965,3581.288734,3517.218878,3576.116817,3852.072747,4117.887425,4540.94893,4950.418571,5414.695911,5967.884564,6236.565767,6120.757636,6002.943038,5897.722592,5888.611337,5879.008356,6161.144074,6728.847421,6851.685662,7001.681543,7454.578454,7601.352241,7596.860465,7739.592694,7623.764568,7669.908384,7529.167819,7595.414682,7577.029224,7620.490533,7513.903938,7622.648755,7718.960029,7518.037188,7476.541971,7557.687739
Benin,234106.5928,238107.2276,226546.7308,233533.6912,244913.7295,253334.4255,257521.132,255240.548,259703.9524,261640.5253,261471.7147,252000.0071,262290.9571,265887.2307,268409.6486,249191.3522,245235.7421,250988.7846,247612.2949,256900.0115,267042.9226,285710.988,284095.8465,264194.4673,277127.7515,289521.2549,287344.6598,274874.2623,275865.3134,259809.3933,274117.3751,276213.5526,274659.5758,280688.8758,276715.2094,283935.7374,287042.0367,294449.5708,297188.7263,303957.1147,312309.2489,319158.5722,323971.536,325095.6878,329444.9913,325335.3545,328518.1742,338387.9416,345053.1516,343309.1388,340853.5405,341249.1293,347817.2208,362563.6558,375013.0507,372406.191,376626.4492,387800.5097,403216.292
Bolivia,1667.304485,1669.269863,1728.091629,1809.307037,1843.556596,1895.294254,1989.985449,2072.385155,2202.652251,2253.109226,2320.865619,2386.364249,2521.114539,2608.136493,2626.430447,2756.953477,2820.982017,2896.200042,2891.124479,2832.717424,2735.018956,2686.156421,2528.321591,2377.679548,2325.359594,2240.003334,2137.495186,2144.702073,2160.989783,2195.906929,2249.59817,2318.556938,2307.540791,2356.068838,2415.190698,2476.588679,2532.462763,2604.954634,2682.137092,2641.292803,2655.685899,2649.426269,2664.786875,2686.940556,2748.699394,2819.473271,2903.418635,2984.172102,3114.536776,3165.902512,3242.811081,3356.665368,3472.594442,3650.654274,3790.976561,3915.423658,4022.394596,4130.840981,4244.528167
Botswana,2174.030174,2267.110994,2367.036034,2451.460467,2560.690342,2650.919474,2760.096614,2862.914575,3097.273962,3481.966792,3971.445162,4852.872064,5941.486781,6968.821966,7318.837238,7651.762516,8151.732969,8782.46572,9656.0021,10420.88085,11243.79519,11834.14319,12826.2519,14027.99685,14705.48961,15191.50799,15821.28543,17027.34153,19573.74988,21340.12257,22036.91244,22974.15748,22998.71864,22843.7263,23095.56301,24128.45585,24931.71532,26381.68012,25903.46384,27800.03776,27782.05769,27330.38829,28479.64558,29285.87377,29547.96993,30318.21728,32194.9126,34124.46548,35495.23454,32143.768,34306.25432,35870.39935,37025.20006,40765.7108,41927.08658,40591.29087,41569.31846,41901.4225,42816.15136
Brazil,6011.806416,6439.360725,6580.170226,6447.428591,6483.519095,6496.454312,6582.672435,6722.714301,7296.073935,7802.718789,8275.835454,8986.703236,9830.209501,10941.36906,11651.91256,11971.88075,12835.73449,13112.35583,13219.13767,13783.45569,14688.41897,13716.22616,13476.48983,12720.27578,13093.67707,13832.06803,14630.41637,14857.69657,14559.71423,14759.65057,14045.00733,14008.70629,13707.25966,14109.85109,14621.69791,15023.70324,15113.31308,15383.93369,15201.73152,15048.32483,15486.50593,15488.57643,15753.34968,15733.98307,16441.55241,16774.70881,17250.23055,18108.37858,18842.56641,18638.70041,19854.75871,20455.64404,20663.17375,21098.93703,21024.56766,20109.68696,19285.45077,19333.9364,19397.36521
Burkina Faso,89447.29507,91823.03137,96159.03275,93665.22076,94468.10763,96585.15967,95598.9378,102346.6541,103722.5043,104022.0494,102358.3744,102013.4537,102547.6534,101179.2656,107576.0821,108740.1843,115773.2782,113933.952,116777.0191,118500.9832,116798.5109,118939.0545,127161.138,124426.2369,119124.3818,125980.8736,132525.5241,128811.5516,132750.5732,132072.3383,127831.2123,135742.682,132443.4248,133364.6852,131483.1243,135234.3203,146035.9558,150998.4343,157554.3485,164510.8716,162812.0624,168687.3287,171039.7847,179117.4935,181740.0269,191723.8493,197713.6505,202696.6544,211002.1212,210775.5092,215495.6897,222965.3553,230343.8136,236528.1567,239560.6691,241680.9115,248666.4564,256805.4451,265792.2089
Burundi,158342.1287,133966.4304,143349.863,146402.3095,152405.7108,154965.397,158222.2214,175511.2965,170598.7765,164318.2851,195625.8459,198099.7781,183353.0734,194056.6586,190463.9756,188971.5141,200194.799,218317.4667,211071.5738,209184.778,205868.1506,224997.2538,216872.3865,219038.0599,213512.4914,232153.5172,233032.6198,238990.4873,244139.3958,240982.7239,243368.6434,249745.1522,246914.8418,227015.8825,214586.3402,194684.3192,176950.0128,172372.4529,178708.5276,174601.3018,170072.6964,169667.7691,172491.9313,165324.7478,167907.7883,164055.2124,167413.4174,167589.1804,170029.9849,170804.6805,173804.6536,175105.4819,177203.3448,180193.5979,182034.3291,169498.7067,163213.125,158892.9695,156403.0317
Cameroon,411017.0991,407375.8325,410924.9803,417081.6754,422314.8575,421131.6342,430402.9466,374406.9289,388601.7586,397666.0668,399733.4949,403137.5958,403217.1457,413628.7024,445740.2064,482303.3616,443112.1394,489736.2006,580311.8092,597351.2219,568233.5891,645308.6336,672749.0069,696922.294,725882.7871,760035.1451,786157.1439,745223.986,665562.614,633416.6893,576855.2167,538527.1747,506737.173,453319.8073,450110.5201,453091.9636,460300.8711,471763.8149,480303.0498,488029.8868,492297.2212,500416.1129,507949.4082,517134.9773,537533.615,533734.4594,537333.9097,548429.0786,552162.9576,548983.5701,552383.8621,559644.545,569307.1075,583982.1975,601862.7751,619050.5704,630818.8726,636202.8236,643722.1382
Central African Republic,250907.6574,259126.4074,245347.9905,239377.7266,239914.9331,237596.252,234366.7346,240260.2116,238620.2452,250562.0169,251836.9605,250618.5759,246958.1568,248028.2112,259702.825,256230.3184,264922.0286,269221.474,266245.5578,253239.3612,235454.8331,225155.248,235165.6059,209507.3032,222887.755,225828.81,228903.2748,213562.9656,213414.908,213531.9736,204405.1912,198207.1274,180414.4718,175854.4969,179242.2046,186922.2157,174803.2862,179499.0384,183444.531,185640.6411,176921.2787,180768.8732,183359.95,169929.9775,176537.6432,174677.8784,179470.5237,184164.6399,184633.378,197518.2271,204349.7627,211385.8213,221178.8122,141105.0324,140756.8028,146229.4994,152043.7615,156804.7453,161144.4735
Chad,290329.3629,288735.1909,298279.2237,287761.3375,275096.155,271490.226,261635.1456,258834.7437,252899.5671,265072.967,264429.4146,252757.1012,249694.137,223345.0679,229033.3152,244256.8082,246439.9764,247085.1952,241272.953,185879.1862,171091.0497,169186.9479,174254.4214,196813.2556,195772.0282,231985.9039,216076.2814,204463.3383,228651.5214,232165.8665,215401.6667,226426.8138,236862.9564,193350.6438,206131.6573,201860.8819,199478.0681,203662.7134,210348.0596,201557.914,192561.164,207022.3912,216104.8254,238538.4882,306941.694,347234.8653,337437.9454,336851.6808,335787.7428,338551.0053,371817.1884,359816.8677,378792.0765,387188.7543,400481.0094,398515.5526,362023.6174,340560.0458,339144.4597
Chile,1959813.088,2020179.829,2058615.99,2135143.737,2147181.881,2127134.786,2323949.261,2366803.084,2411230.845,2465444.714,2470036.778,2659397.64,2590342.24,2421209.236,2440148.937,2092270.558,2139221.833,2326771.551,2468358.293,2636749.693,2806327.165,2947464.449,2586664.52,2423033.676,2486926.975,2548854.889,2645225.632,2772216.784,2928406.253,3166979.081,3219335.86,3413844.591,3732942.502,3914665.27,4047321.58,4343111.487,4572904.495,4846508.864,4991450.097,4910209.278,5111247.355,5220944.406,5325395.543,5485467.898,5820237.193,6090686.205,6407429.378,6650292.697,6811641.91,6634440.663,6949591.444,7301087.04,7615706.761,7846578.883,7900920.866,7988300.654,8014828.899,8002486.427,8209564.888
China,1483.494071,1089.958051,1020.729312,1098.531898,1268.463747,1448.558822,1558.771028,1431.551968,1337.478223,1521.7739,1766.024687,1839.476766,1863.207965,1962.466513,1966.744801,2100.80679,2036.074169,2160.559778,2369.202723,2515.482608,2678.058281,2780.729602,2984.888861,3260.848294,3705.573682,4146.874468,4450.895604,4892.075771,5354.763462,5494.025015,5625.530682,6065.05102,6842.890506,7702.770043,8610.277187,9449.803235,10279.70243,11114.26501,11870.90265,12670.91483,13638.97294,14669.50668,15902.02617,17389.24159,19034.12039,21078.87073,23627.69327,26849.647,29291.31956,31885.66047,35107.10086,38276.30871,41084.02141,44057.62639,47034.87425,50027.92404,53109.78475,56382.2886,59830.13155
Colombia,5226062.945,5322940.967,5438638.225,5446268.13,5608687.965,5639913.116,5764559.398,5834132.491,6011726.253,6211454.062,6431935.767,6653052.975,7000258.221,7306019.226,7557142.476,7563339.986,7746306.295,7890029.647,8369031.114,8625042.767,8781506.798,8786737.799,8679046.767,8627644.83,8729146.625,8814070.883,9137862.63,9436199.306,9626190.385,9760088.847,9979674.815,9981691.44,10185042.04,10529007.77,10933201,11292787.52,11321364.24,11508758.95,11381095.43,10725067.53,10863138.61,10873649.75,10977027.27,11239810.67,11672632.5,12058153.84,12710756.62,13414642.77,13689602.36,13701343.36,14147590.99,15042718.98,15489495.61,16050431.75,16640447.62,16933516.53,17053461.94,17026009.21,17215385.46
"Congo, Dem. Rep.",357743.5682,310980.8606,367430.3673,376709.8781,357907.4802,351778.2611,365263.4093,351497.4513,356348.5972,378661.9241,367329.0032,378915.3576,369475.0828,389057.7749,390582.8634,361055.6845,332355.1642,325373.1322,299252.9189,292258.0446,290794.2268,290129.1771,281747.6177,278818.693,287034.519,281027.7971,286586.4655,286369.6909,279601.7045,267639.374,241771.443,213419.192,183716.0545,152902.0048,141692.7144,138143.2984,132953.2028,122421.7359,117686.9786,110037.2534,99853.21246,95086.12914,95056.45988,97326.03118,100667.4048,103494.9629,105549.2258,108557.2228,111579.2849,111020.7491,115016.2086,118888.128,123134.5624,129202.095,136819.7033,141529.8647,140245.165,140808.2088,144187.48
"Congo, Rep.",167636.4329,177305.9586,181972.9451,170277.2309,172265.8158,173955.5656,171655.5612,170580.1424,178586.7196,186740.8251,193022.0069,202046.3639,213119.4578,223955.8896,234585.0825,245387.3837,240483.252,212655.3834,219690.5849,234329.24,267739.2063,305848.7482,367143.2871,377506.4509,392405.5822,376934.3546,341423.2564,332781.2761,329531.2947,329001.6592,323328.3985,322111.6664,321545.3532,309698.5019,284628.4746,287752.3003,291666.3885,281608.4838,283783.6832,268559.4844,280685.8453,283163.1361,287866.6452,281984.7358,283181.6157,295684.9377,303860.3887,288947.3479,294754.3628,306537.0673,323353.0608,325198.1185,328922.1449,331954.6479,345914.5015,346359.1631,328218.8975,309972.5638,305170.3324
Costa Rica,1670050.731,1639348.207,1665673.879,1716843.13,1717964.352,1796946.067,1861139.323,1906441.433,2007678.617,2058801.375,2153971.184,2240924.813,2364222.634,2484692.548,2558611.225,2547543.857,2619937.669,2779573.17,2876412.667,2938665.42,2882079.675,2741632.126,2473624.873,2476083.636,2603282.457,2552615.441,2623447.818,2677361.696,2698099.619,2777720.752,2802260.015,2791779.027,2970206.047,3099814.906,3157878.073,3207626.728,3169707.033,3268193.429,3417658.508,3477874.517,3541064.608,3599528.309,3657406.867,3755240.302,3861427.734,3954418.582,4182163.471,4462940.649,4609235.111,4506327.551,4670954.793,4813555.22,4985368.158,5040314.259,5159518.743,5289095.061,5455665.822,5583330.307,5675334.047
Cote d'Ivoire,575389.9852,610245.9782,594927.5389,655433.3312,741947.6556,692440.5593,744956.9891,751700.4537,815694.7572,859874.813,911028.8486,954762.3354,951074.9679,961772.4397,957531.0357,989496.2115,1067121.464,1094237,1160153.548,1136054.734,967784.0898,958695.858,919927.7903,847319.0727,791109.9529,794370.8747,789298.4766,757803.6467,739022.3432,733842.1105,700089.068,675587.9056,650264.8651,626556.2131,610310.9896,632421.0746,659683.3444,663322.1615,675546.3642,667498.5843,636923.5406,622623.2382,598791.4663,578298.0558,573339.1565,571005.6514,567285.9081,564762.1419,566293.5424,571484.9191,569562.1915,531736.8932,574501.0485,610267.7998,647513.1493,687219.0962,723421.1853,759539.5006,795432.9988
Denmark,118530.7523,125214.3975,131284.099,131083.7463,142094.9373,147414.524,150243.7006,154164.1816,159319.1817,168457.9712,171770.1027,175706.5571,181569.2085,187861.6971,184890.3028,181672.6464,191952.9533,194934.9694,198656.8437,205836.8789,204593.7701,203288.6581,210933.9163,216558.564,225698.8752,234640.1863,245818.4123,246131.4872,245978.4522,247417.01,250659.4721,253494.0302,257601.7003,256772.3261,269552.7761,276270.7004,282678.5386,290685.8733,296056.6259,303777.6177,314108.1362,315560.9942,316021.3368,316392.2135,323995.8588,330654.3319,342465.5143,344050.2102,340283.4036,321860.4125,326429.1779,329433.6115,328939.7375,330628.5944,334283.4736,339706.105,345153.8449,350699,353930.0309
Dominican Republic,40461.15803,38224.93516,43283.26739,44614.29354,46123.43349,39110.62938,43022.34036,43124.58687,41960.89822,45194.99555,51929.26245,55988.4217,60141.06417,66103.51444,68258.09411,69982.26714,72834.26816,74600.03566,74380.09099,75938.22001,80122.99548,81694.4127,81276.67291,83229.02096,82513.58622,79107.22712,80245.65713,86618.48822,86764.71789,88842.5093,82400.00314,81611.58137,89079.16677,93888.94967,94609.77123,98255.52436,102380.8833,109662.4317,115173.3934,120130.3049,123830.1671,124997.7231,128724.6287,125193.8527,126635.4224,136704.1483,147279.9985,156166.4231,159147.0208,158662.2059,169795.1369,173008.253,175603.3133,182014.2166,193658.8325,204930.8862,216042.5831,223397.3109,236361.3163
Ecuador,1817.33114,1857.117445,1893.764108,1879.037356,1960.824501,1967.070794,1903.953979,1934.403919,1914.3749,1946.012012,2020.114424,2086.039385,2128.709009,2357.668353,2549.305776,2751.74334,2875.755779,2844.370402,2927.929628,2958.551385,2989.499932,3077.006562,3017.971324,2932.755327,2935.259517,2975.840904,3003.944052,2923.828442,3022.040619,2980.250644,3017.71979,3074.631832,3068.252724,3058.768052,3118.871331,3120.304187,3107.081207,3174.211887,3211.52681,2999.406532,2975.005368,3038.510865,3107.932117,3138.539387,3339.615933,3457.966662,3550.270339,3567.836438,3732.208455,3692.714653,3762.615067,3996.689295,4159.36466,4300.254006,4394.814065,4328.558502,4203.115799,4227.236519,4210.450589
"Egypt, Arab Rep.",7386.06923,7559.130264,7643.721049,8225.576041,8932.821727,9129.076173,9342.765325,9177.4087,8803.294141,9042.217825,9324.160062,9483.194649,9558.915452,9681.240566,9620.547579,10251.89682,11355.97158,12100.01263,12842.79784,13111.82121,14077.56482,14740.71151,15795.8223,16178.12937,17295.7139,17818.18595,18168.00867,18360.24188,18852.56715,19278.65012,19882.79023,19654.84734,20099.17561,20262.96046,20649.01648,21178.41515,21791.8016,22531.46318,23317.70182,24247.456,25298.90998,25700.02372,25823.84456,26157.79902,26734.09386,27429.77386,28792.31849,30297.66703,31893.49366,32767.39864,33776.91783,33653.99103,33649.6296,33613.97531,33821.32421,34529.44878,35265.62077,35979.95338,37129.30827
Fiji,4494.509321,4495.315154,4498.191616,4623.816337,4695.966132,4436.943099,4321.121602,4781.867126,5047.064155,5068.754683,5593.468745,5854.274377,6162.551682,6738.014689,6775.397644,6678.893043,6733.983492,7003.552122,7004.26073,7706.21337,7418.869904,7698.075628,7050.922588,6601.618862,7002.606786,6573.57524,7015.368586,6522.763874,6574.657586,7047.500653,7415.534579,7148.322683,7491.989089,7545.213846,7819.750697,7913.780458,8198.893584,7934.057684,7962.660136,8597.337982,8402.175197,8539.483063,8798.347941,8877.413115,9327.525404,9350.015611,9451.143496,9277.509092,9271.639012,9054.488084,9255.005034,9465.39392,9581.00447,10028.34196,10579.95349,11045.66773,11288.83602,11805.09804,12310.83563
Finland,9208.020893,9838.582957,10063.30097,10320.66711,10801.07898,11335.99044,11561.5593,11748.51305,11965.27385,13120.74887,13873.03788,14182.10469,15188.48861,16157.20722,16593.04115,16817.71503,16824.83761,16818.02253,17259.43279,18441.44414,19374.89735,19542.2299,20033.01061,20535.49713,21082.57953,21737.35661,22257.53809,22984.42273,24111.68667,25247.10583,25305.27345,23678.9303,22763.42366,22487.15915,23272.45485,24159.17647,24961.10408,26442.87219,27804.41556,28972.75255,30541.85022,31258.81841,31707.12291,32262.33423,33431.76162,34243.75002,35495.91475,37177.80484,37271.81038,34026.66968,34884.90034,35616.24209,34941.63526,34517.36836,34157.75705,34215.88453,35063.39869,36045.80359,36577.95779
France,9849.506557,10255.70899,10788.27452,11206.59704,11779.96244,12197.27198,12702.62901,13181.46388,13635.52497,14479.41425,15089.2635,15766.01311,16345.63011,17247.24542,17859.97264,17577.30003,18245.45392,18791.6919,19459.24763,20067.39442,20293.88937,20411.38266,20814.38394,20958.00159,21156.7083,21379.72489,21755.99681,22186.21076,23107.70077,23981.16961,24557.12638,24677.3967,24947.71367,24683.69122,25171.94462,25609.55897,25879.62284,26390.72501,27237.2172,28024.55861,28925.35135,29285.23829,29403.17285,29435.83205,30046.73866,30317.08806,30843.85474,31396.88302,31301.50854,30246.10393,30683.76895,31205.27953,31151.85207,31170.51381,31317.94099,31534.63667,31753.06153,32468.13443,32967.96938
Gabon,1258990.962,1430989.311,1521082.742,1594132.888,1643509.084,1752206.971,1798319.35,1835329.913,1842444.716,1950412.945,2077727.479,2247778.968,2457233.41,2658690.707,3639459.465,4252168.275,5646114.625,4827309.216,3582560.304,3514689.904,3517375.116,3605420.033,3405777.04,3504432.783,3669053.937,3488171.794,3366763.1,2713463.149,2978172.509,3144328.379,3217793.888,3322469.601,3133744.616,3171383.013,3203647.525,3277158.667,3310493.471,3413411.633,3445416.785,3061787.742,2932458.276,2924498.59,2848578.182,2842783.038,2790831.699,2789780.647,2636398.331,2714281.497,2545040.409,2466513.842,2551593.986,2634421.378,2669675.559,2715618.486,2732451.583,2745337.011,2718740.187,2656438.196,2619788.904
Ghana,3033.970391,3040.395042,3065.214992,3100.252034,3074.26473,3029.779767,2827.000602,2845.366759,2791.012557,2889.80344,3092.578181,3167.678019,3003.072166,3003.80335,3125.506933,2672.041674,2523.825235,2532.481117,2696.598784,2576.461534,2529.89328,2378.416512,2151.458352,1992.399365,2099.767476,2141.438171,2187.539697,2226.934822,2285.647296,2333.890991,2343.043103,2396.384502,2418.427842,2464.337333,2475.737344,2509.016127,2557.095331,2597.974017,2653.680788,2703.406207,2735.59664,2776.177587,2830.971806,2905.857616,2993.282379,3091.081769,3205.960086,3260.112243,3467.817398,3544.492556,3730.553472,4152.68225,4432.30575,4647.161503,4673.467789,4668.143459,4721.810645,4994.190721,5191.894111
Greece,5119.119291,5644.940655,5697.4614,6251.729019,6743.520833,7342.489151,7733.030686,8090.750852,8573.969023,9388.398903,10111.79465,10857.47147,11883.11073,12786.5371,11919.34316,12559.77625,13213.52293,13426.30058,14213.78965,14498.41476,14453.91923,14102.33327,13856.91707,13627.94507,13832.86462,14125.05552,14151.29113,13785.46276,14324.44366,14791.38179,14635.74201,14909.40615,14899.52131,14575.13631,14792.38731,15032.58982,15394.85164,16006.03987,16537.55235,16980.44449,17574.00673,18205.20403,18850.14574,19894.88884,20850.1178,20913.62062,22029.48815,22692.79252,22556.77423,21529.96342,20324.11804,18495.36304,17238.074,16800.69949,17038.10314,17075.63952,17114.06501,17406.04089,17787.41238
Guatemala,7053.548551,7143.998434,7184.392022,7645.072212,7770.934249,7878.104781,8074.519928,8166.354649,8629.704017,8783.981043,9027.237045,9269.63894,9679.639866,10060.26475,10421.33523,10352.0374,10837.99886,11397.15079,11676.02126,11930.02231,12077.23488,11857.38839,11157.3837,10603.5405,10397.28524,10086.66671,9863.43644,9975.962831,10125.78492,10283.24278,10358.11349,10488.56796,10740.89175,10904.20866,11083.54201,11368.05976,11442.45594,11677.52436,11989.88648,12173.7387,12327.76503,12325.24206,12504.12219,12521.47755,12616.95552,12730.72654,13114.20054,13632.2946,13771.88136,13544.70609,13634.18323,13899.17191,14010.19864,14225.44494,14514.51818,14809.26919,14962.84684,15074.19295,15248.20518
Guyana,256744.2328,260822.6034,256305.5417,218951.7463,237988.1093,257415.216,265728.5691,272536.1843,271206.1698,286171.9091,294460.7629,299904.322,286635.4302,287035.2841,305822.2006,328209.2708,329603.2898,317402.9439,308553.4482,300497.8475,304180.2997,308107.7434,267634.3049,250191.475,238752.9659,246000.3505,245694.7818,250194.9221,243139.5677,232752.3107,226303.4916,239637.0673,256803.8969,275756.425,297411.0882,311392.4447,336384.4881,358506.5023,354447.0952,366937.0833,363367.0084,372402.6085,376831.4069,374271.091,379819.4882,372196.7548,391194.6249,418581.6106,426659.4444,441282.6761,458491.4522,480653.6459,503756.293,526239.8177,543552.3592,557781.0151,573338.7264,582354.7965,599477.8663
Haiti,1990.230348,1894.736295,2004.905742,1929.237011,1861.173698,1865.201789,1819.184296,1746.865678,1768.668011,1802.571405,1782.276454,1865.480702,1852.497197,1908.516147,1984.49737,1970.985455,2097.357648,2132.821712,2219.387632,2336.946305,2454.601945,2330.805528,2195.691415,2163.86445,2120.25151,2085.057275,2029.444438,1970.689808,1933.886171,1839.563756,1821.644962,1819.5289,1689.75041,1567.815747,1354.734121,1461.488142,1494.448889,1507.457981,1513.223172,1527.261563,1514.202984,1473.149116,1445.049856,1426.523173,1353.910385,1356.132195,1364.45136,1387.712936,1377.482413,1398.002836,1301.056012,1352.397983,1370.972819,1408.446309,1427.664307,1425.159856,1426.599068,1424.622933,1427.460538
Honduras,11059.18013,10953.95412,11267.06061,11349.01859,11631.37921,12325.90844,12618.29951,12987.41646,13442.58857,13136.77692,13216.63392,13344.45566,13702.11369,14347.95703,13753.73562,13627.98015,14605.58554,15633.28038,16061.69934,16446.45014,16042.9296,15367.91153,14596.06088,14287.33953,14739.6629,15109.64235,15449.19812,15996.20171,15806.37764,15773.23357,15753.54097,14802.59903,15264.30338,15804.61251,15396.98486,15891.57513,15731.99927,15990.236,16099.09536,15539.13719,16222.38254,16226.30745,16404.59702,16723.21493,17334.58942,17949.58697,18689.1185,19402.87517,19786.96785,18903.58892,19215.91542,19569.0058,19999.58105,20189.10906,20441.5924,20860.10669,21303.1137,21948.53268,22394.17026
Iceland,1430296.719,1401506.519,1490148.335,1614395.947,1743220.627,1839574.487,1966689.931,1910688.937,1781546.826,1806982.063,2026778.186,2273035.75,2378378.597,2502204.398,2609443.885,2592930.785,2720309.74,2938347.55,3090919.329,3209596.611,3358331.483,3461853.201,3489487.176,3369512.164,3471522.246,3557700.459,3753191.137,4029544.983,3963365.837,3924703.187,3939839.418,3885729.402,3707742.346,3718439.255,3819380.769,3803146.633,3955655.896,4064191.491,4306207.441,4426458.254,4579844.442,4695569.226,4685543.958,4758749.929,5096517.212,5334023.372,5483747.18,5847484.009,5854085.349,5438750.394,5259444.617,5342064.087,5382603.327,5552344.125,5605143.189,5794878.338,6135132.948,6268803.064,6369185.908
India,16358.83675,16632.10833,16775.27247,17418.84113,18333.31531,17482.62084,17112.67032,18070.06124,18291.64084,19072.66689,19618.9773,19496.09373,18947.15613,19121.31356,18902.00861,20158.02942,20026.37793,20992.68594,21690.17893,20087.68594,20951.25198,21699.47929,21936.8616,22995.98116,23332.72697,24009.93185,24604.21765,25027.28354,26854.1304,27856.96434,28794.37153,28511.15741,29477.80518,30275.68911,31670.27467,33421.60332,35269.95738,36018.74343,37549.12372,40139.30564,40950.55661,42190.2846,43061.46126,45685.49989,48515.10449,51538.53989,54838.69737,58155.44215,59078.71762,62830.85562,67255.62377,69874.49065,72785.13218,76522.61736,81256.8666,86779.92812,92851.92794,98455.68527,104243.2224
Indonesia,6275751.296,6463132.272,6410013.036,6101937.781,6150224.555,6051179.36,6053554.446,5972472.242,6446902.704,6703181.449,7018993.399,7315287.899,7627129.304,8033962.175,8428636.856,8627527.251,8995459.677,9547603.331,9951312.89,10428905.64,11192097.25,11799982.3,11789344.69,12008388.75,12566558.94,12606001.77,13077747.67,13455946.63,13967503.18,14736698.3,15524808.84,16312080.88,17080679.13,17893758.64,18938667.09,20181461.43,21436330.82,22120121.65,18945761.85,18831056.96,19486793.74,19922358.88,20538085.98,21231561.88,22002459.14,22946275.58,23888797.35,25070448.45,26228711.51,27080443.65,28383630.91,29731348.32,31100858.74,32391939.74,33570728.79,34764315.77,36071347.59,37456481,38949348.09
"Iran, Islamic Rep.",38132839.4,41425186.15,43831585.26,45810962.68,48731261.34,55640639.3,60277468.49,65516549.25,73229388.25,82943507.75,89748073.07,99997522.23,111393094.2,117682680.2,121855657.9,115480543.5,131351995.9,122141811.1,101598455.7,87800179.3,61305412.5,55891290.76,68264796.77,71108007.54,62242281.97,61064769.84,52702886.73,51041241.07,46573410.49,47806115.11,52928626.13,58129104.08,58656898.35,58330751,56627126.12,57116535.4,59249500.52,58741710.63,59237078.29,58979481.47,61651983.09,61359967.05,65000639.26,69808594.94,71987049.61,73419668.34,76224684.37,81537992.72,80853792.96,80767644.23,84480086.15,85701543.37,78371236.84,77255659.81,79785753.54,77702468.28,86924734.92,88948076.93,88948076.93
Israel,32712.72728,35196.08564,36944.5492,39417.65519,40896.02903,43083.25092,41968.21091,41398.52998,47126.70581,52143.18015,51977.97652,55884.95983,61100.25791,61955.6869,64034.12072,64618.11962,63395.30419,62633.38705,64733.13824,67008.34563,66511.44924,68681.68566,68807.49189,69836.76115,69573.27258,71116.54596,72958.87345,76915.52201,77852.95995,76983.27889,80097.31361,81247.01458,84577.55666,85749.5439,89764.30194,93171.81495,95509.6474,96815.84111,98094.78657,98673.63851,103518.9083,101167.5002,99162.76808,98299.98689,100676.5164,102822.4078,106680.5575,110845.4953,112025.0913,110652.7626,114633.7122,118125.6021,118418.8719,121046.8265,123374.012,124058.9791,126526.2965,128371.5818,130073.9223
Italy,8205.604788,8819.91073,9303.901371,9754.401159,9945.151664,10184.0388,10709.95919,11396.00465,12065.35976,12728.85555,13328.82006,13507.99678,13927.21607,14818.80942,15531.89258,15116.69652,16113.23749,16455.77712,16928.54113,17885.54948,18460.95803,18594.47367,18657.55076,18868.84588,19473.17407,20012.26581,20583.4893,21238.33866,22118.46436,22850.77619,23285.04143,23626.90673,23807.84338,23590.38213,24092.9081,24788.03725,25099.84782,25547.00117,25952.39151,26352.77683,27318.11404,27786.63112,27814.24324,27732.78262,27989.76592,28117.07104,28595.18954,28870.49951,28378.61924,26700.957,27067.88827,27177.18886,26339.96732,25586.43342,25381.5698,25640.7933,25971.77274,26448.79159,26722.32857
Japan,755579.0627,824799.1237,889947.2226,955586.1249,1056105.575,1105621.704,1212125.779,1333956.542,1500796.688,1653525.065,1641461.099,1696610.217,1813769.631,1943308.741,1883203.678,1910587.718,1971894.68,2038725.844,2126873.273,2224691.719,2269511.364,2347633.793,2408996.624,2476928.466,2572070.232,2690179.174,2762783.648,2879285.779,3061556.216,3197171.89,3342171.65,3445679.774,3466286.24,3439832.993,3462177.556,3543560.518,3644172.539,3674619.484,3623295.76,3607573.757,3701653.916,3707750.373,3703503.578,3752063.968,3833494.609,3896866.975,3949698.882,4010423.185,3964647.218,3750374.125,3906878.27,3909603.818,3974398.37,4059749.837,4080373.339,4134658.662,4164640.991,4251954.845,4294152.94
Kenya,41712.27053,37286.35452,39541.53043,41656.50942,42329.82905,41787.10905,46378.29565,46355.96979,48382.71708,50458.53459,46446.19322,54750.8198,61818.23002,63100.99315,63273.52448,61487.54859,60493.29837,63757.89158,65625.62406,67974.8603,69067.88921,68957.92049,67342.91952,65650.3456,64309.24396,64609.22451,66743.4191,68194.37243,69902.20474,70687.5344,71199.90149,69876.22615,67115.99257,65265.3183,64959.7353,65824.62762,66585.23233,65022.36232,65308.2606,64991.41321,63610.23314,64238.08171,62861.00335,62974.69639,64412.52111,66373.89014,68747.55588,71451.4509,69662.75441,70013.75392,73860.36332,76288.99888,77674.20898,80114.8922,82273.81898,84837.9829,87676.87573,89798.67417,93297.36789
"Korea, Rep.",1091659.672,1132677.575,1143007.797,1213777.679,1294296.719,1352452.217,1476917.163,1574372.798,1741136.72,1949688.733,2098271.239,2272398.28,2389638.257,2695868.349,2900810.803,3076728.157,3425122.982,3786157.755,4130861.96,4419623.727,4277252.187,4513410.135,4811506.544,5368913.463,5856861.795,6248919.27,6881509.763,7663576.371,8492339.045,8999867.088,9785983.591,10692857.66,11235828.54,11883783.7,12847899.06,13936582.74,14852806.99,15585582.23,14626892.42,16165678.22,17461748.25,18112445.21,19346502.41,19811026.11,20699533.23,21466160.08,22459016.52,23566673.47,24050115.64,24095935.26,25533864.88,26271145.85,26732478.68,27381774.97,28119533.94,28752128.27,29461101.98,30233342.85,30938436.71
Lesotho,2127.904755,2127.888215,2408.259138,2613.025172,2773.212109,2775.993449,2707.52711,2939.065132,2864.535085,2844.597958,2841.508084,2919.599579,2847.457035,3515.179933,3805.376896,3205.6347,3462.210979,4097.087219,4707.06198,4703.986678,4446.568453,4355.448661,4428.820666,4400.622512,4528.958315,4536.213076,4640.595717,4572.847262,4860.840675,5032.78865,5220.56442,5459.945115,5709.528779,5780.349856,5997.360642,6073.112792,6294.689062,6415.863822,6418.400403,6378.021628,6582.598027,6807.21094,6876.450529,7230.90032,7398.758836,7692.892139,8043.19047,8444.718212,9012.913857,9193.191453,9724.774138,10353.3395,10913.32478,11040.41347,11301.94731,11526.72668,11801.56814,11441.26107,11517.74848
Luxembourg,20450.83878,21041.42766,21067.66154,21566.95021,23004.29621,22576.91283,22662.85867,22637.39831,23524.4772,25744.0617,26771.80685,27224.99905,28671.44287,30713.64303,31592.75933,29195.98245,29788.1061,30203.21537,31377.63358,32038.49158,32193.09213,31921.48949,32256.12065,33211.46758,35230.01082,36143.61178,39574.20939,40872.03264,44010.63944,47855.10607,49774.0055,53356.9416,53610.96194,55118.0834,56450.08351,56459.8495,56469.863,58950.53522,61741.11373,66078.85011,70568.7096,71499.23787,73456.50922,73751.62855,75337.22918,76547.04208,79237.01488,84541.13706,81980.78175,76968.9905,79253.52449,79479.61694,77320.08528,78314.58149,79776.93194,80967.44932,81151.86233,80427.07299,80973.4651
Madagascar,49230.53077,49044.60442,48950.18841,47312.40418,47973.08834,46563.6856,46325.5528,47639.6293,49579.0694,50078.91106,51323.29081,51907.02858,49853.85877,47216.18641,46831.75382,46101.72837,43437.04025,43214.6424,40878.3327,43637.14882,42742.86002,37501.13161,35774.403,35071.09264,34660.26843,34076.24896,33775.154,33224.2422,33399.41692,33786.12997,33852.36241,30802.38433,30259.37729,29981.93422,29063.74483,28664.45657,28380.52075,28515.67724,28714.5309,29120.80588,29569.93884,30396.78169,25746.07741,27424.46034,28016.77373,28453.33768,29022.15006,29955.49445,31187.44991,29102.22155,28375.19928,28003.67569,28073.38382,27938.09895,28095.29167,28200.79632,28600.3304,29043.26379,29745.1712
Malawi,35884.63734,37721.49133,37070.62023,35673.42752,35728.47521,39591.09847,43716.06524,45713.18902,43689.53137,45070.5112,44115.96075,49940.52824,51667.38939,51457.05664,53656.73283,55340.01081,56420.35234,57411.36608,61094.52446,61905.0822,60417.15575,55775.90618,55834.77489,56433.32644,57523.08359,57639.35187,54528.69666,52183.36972,50752.15106,48947.30403,49924.11768,53175.1998,48840.30583,53439.44232,47793.11345,55228.86128,58214.96618,58997.53882,59626.02879,59730.66221,59069.72942,54740.3157,54332.25173,56060.99836,57650.58025,58006.7283,59105.15613,62991.95967,65897.44515,69363.03445,72033.25646,73396.9808,72673.60619,74313.09682,76377.71498,76379.28456,76183.84091,77146.34646,77764.61248
Malaysia,4361.277971,4546.883168,4686.021615,4872.165559,4977.9124,5207.004772,5462.90506,5528.906347,5824.109667,5963.236176,6171.21385,6631.920207,7086.811976,7732.795024,8179.578971,8047.769273,8757.668289,9199.362899,9562.860016,10194.94182,10685.26702,11155.42322,11543.05956,11976.57244,12589.40474,12135.51896,11945.44673,12201.90338,13020.10463,13789.37725,14614.02387,15585.33736,16539.02608,17725.717,18881.27577,20220.81268,21682.52209,22681.92626,20488.30766,21221.24045,22570.38139,22194.55196,22908.64228,23753.4964,24869.56689,25685.85942,26591.10188,27717.62192,28506.7647,27570.15025,29120.56795,30188.17348,31383.51486,32409.79159,33899.08426,35149.13071,36139.54973,37753.67121,39005.87356
Mauritania,12463.72805,13984.9579,13678.74887,13016.92381,16133.88276,18184.35564,17684.81965,17769.27429,18996.42095,18660.3463,20276.76677,20040.65149,19309.2368,17884.65926,19474.52695,17936.70626,18904.71279,18013.47362,17405.83639,17713.51644,17782.32374,17864.18582,16942.5547,17071.61359,16054.20012,16077.10364,16534.53391,16399.80316,16244.0774,16578.17236,15864.69496,15734.07833,15619.5016,16116.56321,15228.56742,16303.90762,16821.66326,15738.92057,15770.10964,16552.95452,16051.62916,15936.72291,15605.56337,16080.93105,16530.18213,17506.87873,20223.71204,20205.25619,19842.7717,19073.71288,19407.81213,19730.94556,20266.67013,20876.12439,21405.06084,21085.68863,20901.81655,20936.43725,21095.37558
Mexico,55216.81185,56200.80496,57023.32742,59762.2974,64830.9742,67305.22741,69218.48055,71029.67971,75354.71743,75569.55992,78063.51704,78585.08513,82542.33823,86447.67886,88850.59553,91367.81053,92858.09546,93520.95147,99330.23182,106279.0238,113286.6331,120028.9218,116629.4842,110007.879,111245.7339,111239.5165,105569.8038,105217.3908,104472.0452,106674.6221,110091.824,112626.145,114521.7724,114702.6314,118326.156,109059.1564,114591.122,120542.4847,124859.7956,126417.8425,130767.8626,128423.3209,126621.6287,126713.1284,129874.4093,131003.6878,134913.4121,135969.2014,135482.9307,126440.5736,131014.1686,133932.0649,136941.7128,136982.0413,139035.6609,141835.7378,144233.6557,145515.2354,146754.6889
Myanmar,123121.2238,121058.1987,123307.4339,136752.1765,125872.9317,136221.6045,126664.6052,116410.8146,127414.5748,128542.3199,131809.3341,134083.0882,134193.7881,129858.0788,133685.0951,136086.1554,141118.7324,146192.6424,152287.8853,156703.2453,165471.5522,172203.9846,177997.5377,181956.2974,187087.9692,188694.926,183219.4074,172729.7545,150518.1965,153605.7219,155625.809,152564.829,165285.8587,173272.6592,184111.8109,194579.9389,204550.7225,213351.1976,222974.929,244327.2515,274708.299,302597.6647,335596.5135,378511.7208,426177.1419,480193.7686,539117.2146,599866.3621,657302.4079,722010.0122,786089.3652,823698.159,876821.9998,942658.5929,1009644.912,1072047.206,1127097.253,1195669.4,1262098.451
Nepal,10279.88929,10310.54417,10340.44523,10366.0352,10961.47041,10643.10621,11188.90308,10809.47007,10675.26289,10934.33273,10993.09267,10641.91435,10747.6973,10472.54558,10899.18477,10819.71221,11049.36219,11131.94395,11363.89579,11372.09536,10857.20766,11494.37029,11654.10193,11046.43618,11838.7545,12282.3577,12559.02129,12493.67323,13158.82048,13412.76511,13692.63732,14189.31559,14377.23162,14528.75086,15310.76173,15448.87223,15893.20617,16330.0948,16477.5018,16873.75092,17597.21064,18134.33373,17878.1715,18320.25617,18922.75426,19333.79945,19737.29464,20166.26046,21169.45948,21950.4987,22897.27708,23656.06532,24834.47303,25928.98571,27493.08331,28292.97867,28202.61477,30029.08656,31394.27168
Netherlands,12348.41289,12223.0768,12874.85243,13162.81542,14062.63445,15069.7978,15282.11172,15907.72685,16753.48845,17625.36294,18513.40715,19084.33442,19559.96246,20454.9186,20993.14178,20807.26469,21564.55434,21977.00579,22431.12391,22725.51118,22848.93982,22514.89907,22133.81408,22506.46311,23103.65047,23589.50519,24112.75143,24422.9656,25100.71351,26053.42852,26957.03373,27397.79598,27655.33937,27808.619,28459.94361,29202.17137,30084.74959,31225.97897,32481.42037,33890.26118,35060.6743,35606.72964,35457.05042,35345.08071,35921.62545,36572.77645,37777.83111,39117.94659,39811.64727,38155.06928,38469.56623,38884.50983,38341.71343,38179.07607,38583.43115,39165.37199,39811.33256,40728.69904,41544.77663
Nicaragua,22418.98507,23353.78225,25106.22606,26993.07875,29245.5427,31072.63449,31140.91749,32320.99908,31781.28176,32756.17896,32203.11894,32264.13417,31983.51676,33004.00396,36542.56305,35375.89519,36085.94868,37920.14623,33898.76605,24187.67548,24573.91939,25162.77855,24271.26935,24714.36983,23704.50806,22180.6399,21445.10782,20822.29282,17838.20185,17152.81986,16772.1534,16371.14699,16069.35758,15654.75981,15834.81825,16435.05121,17148.22711,17510.53494,17853.57282,18801.93541,19270.93584,19548.20073,19416.48026,19632.12357,20394.39833,20979.35188,21552.92315,22337.94313,22789.95527,21739.99357,22392.65043,23488.61935,24682.11665,25556.78293,26429.80914,27338.10166,28219.48852,29164.69602,27701.9057
Niger,248298.2629,252322.55,270355.8181,287376.0579,279518.1552,290360.8295,281074.8645,273501.0402,266866.0434,245209.9401,245715.9047,252541.1841,232952.6915,187960.682,198831.1594,187904.2471,183854.6122,192498.9534,212192.8379,220867.7473,209798.8594,205093.713,202514.499,187423.7126,151465.4805,158522.1978,163799.0822,159222.9435,165258.6972,161832.2364,154850.6958,153708.4398,139028.5788,136371.3205,137067.2942,135867.491,135703.9481,134624.2328,143474.5378,137643.8669,130893.8401,135184.7035,134228.9804,136224.8866,131396.0226,132284.3931,134816.3115,133931.5329,141330.1059,135077.532,140855.5863,138593.4633,149089.2118,150929.9233,156086.0626,156655.3668,158148.1076,159639.0293,161609.0369
Nigeria,205544.8902,201803.194,205766.8656,218752.9785,224745.0701,230733.763,216224.5021,178269.8093,172214.7264,209153.0599,255547.9824,285232.5202,287949.3786,296163.7086,320877.0586,295958.7582,313580.8963,322667.1456,294987.1802,305706.6418,309612.5691,261776.2853,237705.6455,206439.8895,199039.1524,205475.2135,200317.9058,201371.2748,210527.5223,209035.2022,227703.4625,222774.8914,227287.9153,217157.5155,207965.6384,202704.0046,206017.3658,206855.513,206973.8338,203050.1683,207962.2402,214805.3796,241564.697,252816.2642,269223.0277,279242.4964,288530.7083,299558.5546,311458.5603,327648.0492,344549.9221,353250.924,358453.8419,372267.6872,385349.0376,385236.148,369177.9075,362573.9542,360160.7378
Norway,140125.2996,147737.5969,150679.4151,155204.7087,161753.4064,168984.3788,173988.3468,183333.1141,185906.8904,192704.8396,195027.6074,204650.2083,213916.9724,222055.0134,229339.1647,239371.403,252130.8002,261513.4119,270597.4689,281469.1495,293373.2365,297038.3114,296645.8289,307411.4854,325098.6642,342126.3204,354688.7874,359222.5372,356383.0179,358599.9026,364273.8134,373725.4093,384856.1262,393457.5259,411001.7178,425858.0401,445008.7685,465992.2301,475383.0821,481644.5811,493866.8211,501620.6947,506095.8385,507764.166,524756.6129,534874.6871,543292.1271,553750.1047,549520.5145,533457.9549,530498.1212,528750.6408,536054.0649,535142.6451,539592.7141,544774.9425,546408.3948,552747.2045,556797.2229
Pakistan,15692.16061,16243.02294,16563.55226,17560.57284,18417.75926,19821.40299,20430.49825,20973.76915,21900.27996,22495.99505,24384.88464,23845.99195,23394.71906,24365.65225,24526.04073,24827.98074,25342.96064,25554.94145,26767.10209,26904.26507,28705.55774,29970.89494,30877.34291,31879.67098,32395.23794,33728.90716,34454.45379,35531.79206,37070.50966,37746.35548,38281.00621,39082.00248,40936.07588,40525.86835,40896.2153,41741.73474,42537.07544,41752.81645,41615.48182,41961.93171,42606.51902,42369.26328,42691.01347,43723.89221,45875.54514,48271.61619,50091.62547,51327.86643,51033.08912,51319.14967,51010.56883,51293.07099,51974.7455,53130.28816,54462.46438,55860.74108,57732.06699,59769.97151,61733.19109
Panama,1821.530193,1961.498179,2060.824169,2171.001775,2200.712931,2332.229687,2436.461765,2568.980978,2669.988658,2813.379642,2924.389427,3115.760965,3167.950036,3246.192325,3235.939943,3205.335677,3174.568742,3128.237383,3349.59705,3415.844899,3770.670591,4021.31681,4138.775081,3863.274842,3879.34195,3981.406308,4033.843618,3875.844884,3285.984428,3267.143416,3458.109655,3705.590226,3927.270867,4057.072917,4087.924218,4075.189074,4155.558309,4334.724675,4559.649022,4644.362102,4677.385748,4613.927056,4627.600797,4732.263151,4994.368035,5255.689224,5606.976277,6166.180721,6653.437315,6617.551335,6881.184137,7527.864016,8123.429968,8537.462615,8818.565022,9166.289319,9458.053572,9792.291803,9981.964977
Papua New Guinea,3085.957984,3217.933594,3359.726628,3429.735206,3649.823005,3941.676257,4081.763863,4154.43035,4237.933443,4483.618822,4854.931697,5040.287358,5199.551227,5407.362712,5414.754408,5235.672439,4932.768763,4849.240874,5130.275938,5089.876375,4842.991867,4702.097903,4593.004452,4614.899245,4477.707536,4536.925422,4630.18472,4640.887909,4660.002846,4484.108408,4246.482985,4543.892379,5054.798989,5838.665777,6043.214874,5706.28487,6000.458842,5626.017485,5282.90744,5254.417519,5008.180863,4895.742983,4788.585682,4794.144514,4823.17764,5018.117037,5015.875834,5440.247314,5293.855495,5520.7272,5941.855579,5877.649193,6022.866827,6127.175462,6815.767129,7315.02285,7463.975058,7430.298352,7316.154585
Paraguay,7642874.64,7958882.615,8007996.785,8166773.91,8288618.526,8570012.736,8511719.689,9047005.788,9210792.268,9398170.623,9674101.341,9963828.235,10373868.14,10870823.35,11503438.18,11994769.84,12579202.09,13672278.86,14922582.58,16251218.11,17661123.3,18742957.5,17955111.61,16908094.11,16884221.65,17144155.27,17487003.51,18287651.1,18837254.58,19601391.47,19873065.71,20040975.37,19873515.67,20348667.26,20922944.51,21832291.36,21673219.19,22093364.98,21633410.55,20894012.33,20000797.99,19449452.6,19081415.5,19548886.18,19995730.51,20094312.67,20742888.22,21556823.99,22615216.5,22254325.29,24401564.3,25093198.74,24617848.2,26326150.33,27232502.64,27696926.59,28511558.76,29536505.7,30219298.25
Peru,6887.828329,7187.492222,7685.963191,7791.869684,8067.907465,8282.789954,8716.325467,8802.863094,8574.937776,8634.024122,8681.336431,8832.737669,8892.09301,9195.568234,9790.002101,9941.16985,9821.529365,9601.360436,9109.443511,9243.873861,9550.930298,9835.815097,9579.020119,8379.845194,8480.546276,8456.990972,9044.860444,9703.506544,8595.379129,7376.449354,6863.713833,6875.561719,6706.066117,6924.645116,7632.421533,8047.02714,8120.321127,8489.484373,8308.889424,8297.207183,8397.863578,8342.759891,8699.799948,8972.342987,9331.306561,9831.679265,10483.14757,11283.39439,12214.34522,12249.40875,13162.6461,13882.29857,14613.55265,15329.99259,15530.12378,15835.58834,16219.66892,16354.18976,16714.83075
Philippines,30264.90055,30915.80199,31334.36968,32465.27607,32523.7909,33182.75591,33613.76299,34368.20029,35031.31252,35617.92971,35908.69199,36783.33618,37688.67985,39894.2493,40159.58055,41222.22425,43625.80226,44820.82947,45867.90431,47149.36102,48239.26169,48542.62308,48941.36278,48515.2478,43755.14808,39475.51427,39740.98653,40362.45221,41965.82975,43428.17965,43623.33109,42305.04535,41425.95516,41302.9333,42111.61654,43069.14623,44554.10777,45818.973,44553.53191,44931.4464,45911.44619,46243.33894,46932.40367,48264.58566,50488.88877,51910.96768,53661.41728,56241.38274,57612.62151,57320.65228,60676.11538,61841.56587,64860.17292,68276.78181,71288.96773,74428.91003,78362.60442,82395.63661,86326.51733
Portugal,3402.270628,3561.79182,3770.080535,3975.447865,4223.984889,4558.023004,4779.804962,5173.12581,5656.404491,5828.432328,6621.978816,7091.085403,7671.312067,8527.91221,8505.89611,7832.687797,8138.375138,8503.567456,8649.198671,9039.497478,9352.659233,9421.943869,9564.48786,9503.734023,9289.274799,9523.97815,9909.344841,10544.54005,11346.02033,12094.41189,12599.63527,13180.35668,13334.31688,13045.89279,13136.36835,13651.62579,14075.95518,14633.50776,15257.40753,15761.24509,16243.62917,16442.92199,16478.83767,16263.721,16518.80329,16614.61282,16842.24717,17228.10345,17237.56139,16708.2731,17017.69699,16731.40006,16122.64871,16028.16171,16258.75301,16623.70138,16997.36527,17515.1112,17922.99938
Puerto Rico,629.9515691,662.5874164,702.9151271,747.1946034,784.4383818,843.456862,896.0028495,944.3239794,987.1287843,1070.79053,1146.259088,1199.718267,1260.649121,1311.981787,1322.458756,1289.798931,1347.878282,1407.355869,1485.325816,1583.205896,1630.872302,1630.998639,1588.511963,1535.527574,1610.48819,1644.24042,1709.599907,1791.259526,1879.237473,1942.942707,1871.020639,1900.643158,1974.603199,2048.985243,2115.017468,2190.897186,2216.581133,2303.248099,2416.703495,2534.235454,2609.92677,2768.768196,2790.542461,2790.28618,3033.778448,2977.791269,2948.280465,2931.112703,2893.987715,2853.002746,2855.63042,2878.491828,2914.38574,2938.929502,2951.760091,2972.676803,2992.577415,2984.45023,2953.379697
Rwanda,237329.8597,222377.6094,243152.696,215568.1895,185188.5279,193804.3589,202009.3116,209716.2478,217498.4379,233924.6141,240432.1133,236162.8816,229908.1761,230910.4268,227239.1794,215651.2221,249625.9703,246439.9619,260189.2344,281371.9188,296178.9168,301970.1841,297631.923,305114.3675,281688.4992,282414.3548,284145.8236,269989.5917,269868.1442,262770.6523,256047.4126,256830.9174,287399.3148,282582.6515,148346.5216,204029.172,223277.7381,238093.816,238976.6249,231278.8802,236977.2619,247792.6551,273961.2629,275737.9463,292063.5897,313682.303,334930.3471,351697.1601,380677.9418,393814.4309,411910.3272,433017.8443,459761.4259,469771.7985,493178.1857,523433.1811,540491.2477,558299.8225,590882.4617
Senegal,701450.8203,703039.5143,683108.0569,676888.1091,683815.3324,673614.1218,673514.6701,646488.0964,667563.4497,605817.5836,638504.5038,618710.733,638506.7772,585029.0594,592263.8435,619756.4158,658019.2673,625023.6984,586151.3533,611926.1944,576396.8,589024.3826,617024.8816,566908.7153,570543.5692,571620.4479,571803.6905,588556.2578,567659.8663,572712.3906,552004.3215,549382.9326,539878.7535,531168.3594,516369.4921,529721.8236,526878.5271,530365.213,548617.7258,569967.1401,574451.7405,586497.9309,576125.0872,599599.4676,619026.6471,637322.3754,636249.5017,650256.9994,658731.4527,654502.9233,659479.7118,650839.4434,665350.4916,665243.7716,689607.443,713202.9524,737538.2232,767965.3804,797432.6883
Seychelles,18530.98321,17137.60172,18092.25058,19425.83009,20066.65299,19361.45684,21509.08848,21092.70702,22143.298,21622.75184,22998.68284,26110.95895,27097.22287,29102.39928,28949.80582,29187.04716,33258.17467,30552.06034,36797.5527,42245.14884,40082.6876,36345.13938,35728.01608,35159.91296,36529.12527,40265.37306,39944.39316,39970.27548,41970.51414,46392.71907,49395.33284,50087.24854,53428.47392,55569.1736,53675.24426,52455.20025,54233.12745,60011.89358,63795.02194,63725.20706,64115.32953,62604.3792,61455.70871,58495.89278,57039.34041,61888.76632,66315.88298,72854.06842,69713.41828,68672.82183,70758.60532,78372.84569,78586.28359,81791.0516,84156.36555,86364.11651,89053.90221,91781.71986,94207.64628
Sierra Leone,999398.3413,1002457.271,1032006.823,1033076.002,1084351.962,1142956.559,1142634.365,1123141.131,1125366.362,1198940.903,1277841.285,1296699.238,1282640.245,1285260.504,1303065.985,1297314.352,1264247.855,1237743.64,1240020.634,1267540.884,1299523.545,1307786.394,1340878.85,1283789.167,1304737.842,1203686.532,1183913.824,1231341.109,1111546.399,1093919.601,1113470.893,1132085.951,917040.8551,933676.2587,919568.6855,847149.072,860265.8172,805479.7344,811216.1441,780745.0217,810492.2092,731999.2739,885924.5201,924618.4765,943376.7824,948920.0321,957849.4019,1007317.18,1036774.57,1046098.4,1077481.446,1119762.251,1261067.443,1488729.678,1522592.32,1182867.711,1227634.875,1252067.756,1271289.045
Singapore,4974.064626,5201.891447,5442.006628,5838.941504,5514.606864,5803.85818,6237.644748,6864.6339,7659.940358,8589.375765,9635.927958,10635.28799,11830.23602,12842.36206,13403.04063,13734.72996,14558.71452,15342.23541,16336.63324,17672.91798,19214.81227,20293.62355,20801.62753,22289.79497,23795.47628,23615.02758,23954.72554,26145.15915,28361.15144,30338.41812,32047.05277,33231.3371,34388.97724,37373.40692,40238.83256,41845.72249,43180.98109,45229.23638,42758.7452,44846.43154,48060.50915,46281.33026,47656.17404,50557.78786,54831.56309,57499.10567,60745.97312,63524.22602,61357.40907,59606.56616,67065.91957,69795.32719,71133.96357,73361.47721,75239.68303,76502.97145,77753.86047,80559.18007,82698.95273
South Africa,33853.77942,34303.41083,35528.1892,37200.7109,39148.93804,40498.89918,41225.76464,43069.51024,43711.79891,44593.64942,45714.1756,46417.80887,45936.95172,46768.43349,48334.01676,47899.74972,47761.0138,46555.62839,46796.18313,47368.53472,49214.52817,50480.44662,48923.68725,46713.70425,47788.43589,45999.91002,44885.82129,44757.42007,45570.13256,45584.65462,44364.98524,42843.98243,40894.43853,40394.93109,40731.49336,41110.72132,42061.07662,42405.3121,41939.47841,42310.35287,43470.54113,44052.95538,45109.31994,45874.74707,47383.58242,49270.40494,51378.08611,53437.57692,54412.0045,52834.74689,53654.25213,54577.48851,54909.29185,55377.49503,55514.43185,55324.75167,54737.82897,54736.11077,54422.97632
Spain,5557.106526,6157.52337,6708.404369,7287.976494,7598.972337,7986.947912,8478.419538,8738.209046,9193.659557,9914.358165,10225.54638,10572.79846,11308.89711,12055.73958,12594.75993,12526.86201,12804.67932,13033.32698,13097.28521,12987.72274,13168.42293,13057.82299,13141.44648,13309.06755,13490.45645,13753.69967,14158.78455,14905.48527,15631.63462,16360.50886,16961.88319,17349.5173,17425.18117,17156.24819,17481.68624,17884.6316,18286.68103,18882.0844,19613.80346,20410.54179,21394.2001,22096.30101,22413.7842,22713.73527,23032.16109,23489.45912,24059.78613,24508.69676,24390.39941,23311.35299,23207.5357,22894.2502,22209.53923,21902.35981,22271.09202,23100.71872,23813.74804,24465.4825,25027.0157
St. Vincent and the Grenadines,4213.517419,4340.383843,4442.980886,4117.079978,4222.380186,4215.172478,4171.906609,3736.998303,3940.535968,4012.268891,4397.22569,4479.140025,5573.905289,4899.100149,4417.72782,4036.880893,4408.316096,4939.960894,5368.217566,5496.796344,5579.747683,5787.075465,5997.704506,6081.575585,6435.54964,6785.597012,7117.218715,7101.891658,8053.821647,8125.871037,8430.568744,8503.217785,9030.896711,9407.568984,9288.467696,10011.6092,10146.01208,10509.59729,10948.92441,11250.22829,11431.88136,11615.2128,12326.52248,13246.34437,13773.25088,14102.67369,15188.47638,15708.45482,15975.75305,15655.72229,15135.1762,15063.21873,15254.69636,15507.59739,15661.34919,15829.73461,16096.57938,16180.60229,16536.65532
Sudan,375.9078444,366.1957844,381.1543853,360.3460476,346.584529,359.8282049,337.2212339,332.2854116,329.0415941,323.888589,332.9749608,330.3462077,304.1949604,296.8168049,320.5452671,359.1843664,405.5683272,416.7924788,379.1754656,348.1796006,341.6596739,354.6882273,363.1274599,358.312585,329.5120385,299.501706,306.7622903,340.9695655,331.0546876,351.4528162,323.7801613,339.2164836,352.2899724,358.9231117,353.1521156,364.5539374,375.9466149,404.5974621,410.6800661,411.9458906,426.1256084,441.3721831,456.8116202,478.5791289,483.4640392,505.3892084,541.0176453,586.9397745,615.7475795,619.0001562,624.0855224,669.3670811,748.5444862,762.9175954,764.6898367,783.1256396,800.4979693,815.0265173,777.2920673
Suriname,6943.546572,7079.003124,7161.970779,7367.823342,7642.815322,8334.436482,9663.717756,10536.94687,11055.06617,11329.32577,11497.46618,11903.64678,11874.96675,11756.82965,11909.86312,12326.5348,13458.9648,14843.97111,15804.23049,15677.92658,14270.38989,15257.10654,14584.84161,13963.57074,13605.98545,13731.09372,13637.40138,12560.34169,13266.93615,13538.53279,12671.36255,12766.55101,12584.517,11539.04983,11737.36799,11558.16667,11508.04952,12004.7001,12129.3784,11816.83918,11922.45148,12276.43476,12472.15652,13102.83702,14051.3686,14513.60779,15178.19887,15768.44601,16234.02749,16532.42811,17188.56011,17988.37398,18265.29575,18593.39912,18439.35995,17623.39867,16474.06211,16587.32051,16757.20628
Sweden,130765.2163,137545.2125,142614.2106,149368.2828,158369.7371,162880.4332,164711.1797,168953.2886,174118.9379,181561.2785,191005.6159,191487.7806,195292.4922,202691.992,208568.4074,213044.8136,214517.4605,210344.8231,213406.8837,221118.6564,224421.579,225172.1274,227853.4216,232078.9976,241675.1515,246488.7746,252534.5838,260134.7327,265568.3244,270805.8396,270749.6225,265828.7071,261212.2451,254335.027,262856.7895,271992.9328,275685.505,283551.8978,295413.174,308427.0411,322545.4613,326742.1546,332439.3905,339020.3961,352246.7198,360722.7998,375556.7787,385486.9105,380364.7841,357542.4872,375749.2702,382913.9298,378957.104,380412.7988,386457.1788,399433.6685,405033.1731,408022.8801,412501.6393
Thailand,13777.3702,14090.80443,14708.77186,15415.81841,15981.29173,16777.31057,18093.8508,19077.01533,20026.16415,20721.17477,22423.21017,22852.55388,23162.02626,24833.00202,25254.92057,25837.52274,27562.9537,29574.77728,31896.27782,32893.55604,33884.98809,35179.73242,36363.17594,37691.28485,39141.01512,40226.21669,41688.48498,44839.40103,49922.59852,55124.03652,60428.19179,64826.93584,69365.93682,74411.34237,79628.29011,85237.23485,89062.33884,85590.19798,78108.43476,80744.35608,83465.75828,85543.48091,90052.44604,95807.66597,101135.3913,104692.8154,109232.0466,114525.8579,115891.2064,114512.6361,122515.3296,122952.739,131240.6487,134157.3842,134895.6066,138564.7349,142682.3704,147912.4982,153535.0514
Togo,154274.3331,171205.5708,175988.5991,182634.8357,204919.811,230152.9184,242524.5639,244637.5132,244998.8141,259641.3672,256051.7398,247834.7927,259384.2082,262817.4768,269290.2908,269702.5673,258383.5871,270435.2609,293564.4618,271398.5018,302029.3094,282518.8772,262745.68,239378.3018,243516.1561,248183.1213,243870.478,237440.2967,245728.4968,248677.5175,241778.6339,234574.77,220504.3076,183353.733,206139.8785,216754.5037,229261.4363,254206.4424,240505.95,238843.8874,230045.2246,220126.6928,212453.9229,217390.9349,216430.0768,213370.3911,216190.4638,215259.9192,218000.0723,223910.7255,231247.3109,239542.5491,248515.6427,256845.9612,265067.4972,273203.0362,279510.5748,284797.8333,291490.2522
Trinidad and Tobago,29664.92925,33170.32658,33513.34152,34895.52022,37114.27986,36997.80766,38185.46456,38711.96698,40487.54969,41309.49879,42399.42436,42375.19863,44250.7444,44348.18543,45367.69138,45380.47329,47619.64063,51258.11636,55624.49663,56813.32681,61785.60606,63602.87072,64956.15887,57341.30979,53248.12759,50391.02183,48199.24745,45570.74478,43434.99309,42765.39804,43117.19137,44170.26807,48330.30639,47739.28874,49208.62011,50892.80992,54378.54286,58362.66534,63011.9987,67948.07011,72452.82969,75207.20869,80821.47332,92035.60288,98846.98653,104467.7946,117715.8355,122757.2021,126342.2244,120200.4065,123520.075,122416.2651,123203.7375,124850.5249,122855.5612,124311.0857,115608.9482,112879.1055,113196.0524
Turkey,4458.776792,4402.229552,4536.935254,4831.220826,4974.865179,4994.978371,5424.660832,5548.351625,5785.739049,5880.592946,5927.850254,6109.92468,6408.15843,6460.91921,6662.71549,6975.815827,7530.650925,7613.15918,7556.320375,7342.530124,7002.895331,7177.750585,7266.02602,7457.410692,7785.827069,7947.600334,8336.142434,8953.198189,8993.287202,8859.617989,9513.730984,9421.709896,9734.907624,10312.37207,9675.494693,10273.16675,10857.38033,11496.46032,11578.26871,11013.85412,11568.22411,10717.1494,11239.40964,11700.19446,12652.18127,13610.83736,14397.59337,14942.55702,14889.80199,14009.70623,14987.4481,16399.83091,16907.02197,18034.50552,18646.22305,19454.17933,19748.57625,20883.18481,21102.30369
United Kingdom,8948.839808,9109.605488,9152.575522,9443.734631,9855.243363,10065.22968,10215.02627,10394.95954,10756.68367,10931.90889,11547.91582,11900.4742,12370.41267,13150.12016,12818.09531,12629.29218,12999.9145,13321.86948,13880.93956,14387.40627,14078.7914,13965.36427,14251.22321,14847.82651,15161.79565,15762.10737,16219.51064,17042.98321,17984.37956,18398.39737,18479.09787,18221.62679,18239.84078,18655.8622,19333.21783,19755.57508,20204.90322,21018.12849,21657.20038,22278.82908,22966.01511,23527.65943,24013.9114,24700.56128,25137.05594,25751.13392,26213.89819,26672.67141,26372.04551,25061.84466,25291.66696,25507.48915,25697.29793,26048.16946,26614.69622,27024.2177,27312.03068,27614.8686,27819.67263
United States,17550.57316,17659.05698,18450.30093,18986.88586,19811.02093,20817.04391,21915.58302,22220.19895,23055.41609,23538.97341,23207.21994,23670.34573,24649.84474,25794.12817,25421.36967,25120.23085,26223.37645,27161.42669,28362.7718,28939.63994,28589.67273,29028.9015,28235.08967,29260.58618,31107.55962,32118.75943,32925.22668,33761.17884,34853.48847,35793.8965,36059.30163,35542.14111,36287.32286,36797.79765,37813.75818,38369.16184,39356.0918,40614.40561,41942.70951,43434.69267,44726.9654,44728.59748,45087.36728,45980.51458,47287.59377,48499.81238,49405.7673,49856.28149,49319.47886,47648.81325,48466.82338,48862.42494,49596.42192,50161.07582,51015.13548,52099.26976,52534.36528,53356.23624,54541.72052
Uruguay,77155.8223,78063.42571,75884.10508,75112.18458,76071.6995,76035.60242,77548.8657,73973.77678,74700.8808,78508.01394,79918.00143,79476.75022,78339.60469,78536.93486,80754.24973,85493.67735,88508.12291,89306.44465,93491.52757,98602.78922,103659.2928,104586.2822,93766.16659,83589.37921,82103.7664,82774.69745,89498.47062,96052.18291,96867.199,97305.82333,96935.88505,99659.2937,106786.2666,108821.0253,115891.0498,113394.0803,118867.541,128129.0333,133069.0313,129819.5722,126864.5211,121777.2348,112342.2556,113327.7506,119077.386,127948.1198,133048.0619,141481.3355,151249.6419,157222.8686,169007.2973,177222.1081,182947.3286,190840.5306,196384.4056,196443.7935,199056.0433,203470.6458,206008.5607
"Venezuela, RB",1768.10585,1760.251306,1844.128736,1850.483213,1986.969618,2000.672381,1963.955691,1953.884319,2030.119261,1980.431601,2067.99812,2036.137109,2002.295206,2083.34658,2066.193398,2065.983176,2162.88013,2233.959075,2222.665666,2178.013571,2025.316963,1964.242892,1873.162751,1755.987843,1735.549485,1694.444852,1758.809298,1775.767918,1832.299451,1634.400188,1698.791809,1821.07519,1888.094582,1851.92581,1769.875214,1801.515657,1761.442143,1836.571635,1806.315194,1666.183232,1695.293357,1720.545683,1539.81999,1395.319452,1622.225704,1760.09618,1903.767734,2040.217803,2117.724337,2021.00909,1962.293521,2012.51476,2091.416251,2089.537383,1990.680321,1990.680321,1990.680321,1990.680321,1990.680321
Zambia,7175.047512,7057.710023,6678.61911,6693.023966,7286.90531,8244.663635,7549.665137,7898.896856,7750.570496,7474.723314,7583.384473,7330.993854,7742.67158,7413.594518,7627.333301,7206.096596,7400.568453,6829.40187,6640.274131,6225.5801,6200.061075,6361.219206,5974.601492,5661.873711,5457.875667,5368.509446,5238.030331,5213.420858,5376.467396,5170.42176,5006.845671,4877.698645,4677.176845,4876.724944,4348.948774,4363.362405,4514.052554,4560.305895,4418.92317,4499.42019,4551.182552,4669.32431,4755.413301,4956.895249,5170.48893,5401.687802,5676.714768,5988.788021,6280.754997,6669.558981,7145.084104,7318.27623,7633.721142,7772.040928,7886.94468,7872.067396,7926.173772,7957.540806,8022.408252
Zimbabwe,1061.18952,1091.133041,1070.021809,1098.879372,1050.489785,1065.517265,1046.141635,1096.559649,1081.491107,1175.596579,1392.391575,1464.591568,1531.521732,1516.923444,1562.308538,1481.307818,1440.431305,1299.585989,1224.842476,1224.519925,1354.089152,1470.6985,1455.83079,1425.78851,1348.364925,1390.795113,1370.187655,1338.377246,1392.407383,1420.848959,1479.554445,1525.062412,1359.627401,1350.109964,1452.666585,1435.967241,1566.823871,1593.358106,1626.235678,1602.615701,1545.905614,1562.579653,1419.986055,1175.910574,1104.14622,1036.192108,993.840257,949.6855398,774.0778925,856.9142828,1011.724134,1137.712694,1304.969802,1307.481883,1315.277064,1316.598339,1306.150257,1347.769416,1410.737597
